first_name,last_name,email,product_id,qty,amount,description,address,city,county,country
Mrs. Sian Wood,Mr. Aaron Reid,darrenreeves@atkinson.info,164,4,13.64,Cumque eius necessitatibus.,"Studio 38
Jones stravenue",Natashaview,Lincolnshire,Bermuda
Dr. Pamela Brown,Garry Griffiths-Evans,xwalker@hotmail.co.uk,129,1,24.73,Rerum occaecati dolorem excepturi.,"Flat 1
Marsden valley",Gregoryport,Orkney Islands,Guatemala
Chloe Barnes,Philip Nash,phillipsmarie@clark.com,102,7,66.15,Neque alias veritatis tenetur illo ad.,0 Lane street,East Kirstyside,Monmouthshire,Grenada
Anthony Davies-Harris,Toby Morris,mariataylor@outlook.com,118,6,55.28,Quos harum officiis ipsum facere quod.,777 Chapman haven,Owenbury,Essex,Saint Martin
Lesley Little,Rita Bailey,murphysam@jones.co.uk,179,3,96.07,Voluptatem facere eos facere quia eius voluptatum.,"Flat 1
Nathan squares",Begumland,Clackmannanshire,Sweden
Dr. Lee Clarke,Dean Clark,iain41@hotmail.com,186,3,50.84,Nemo debitis laudantium perferendis tempore sapiente.,434 Timothy track,Suzannebury,Somerset,Mongolia
Anthony Hall,Dr. David Thomas,ian00@doherty.com,186,7,34.15,Architecto reprehenderit necessitatibus repellat ipsam.,1 Hill locks,Iqbalmouth,West Berkshire,Faroe Islands
Mrs. Anna Foster,Graeme Robinson,tony54@booth.org,112,5,35.47,Libero consequatur quidem autem voluptatum ad.,"Studio 00
Geraldine crest",New Neil,Greater Manchester,Tuvalu
Mary Cox-Turner,Hollie O'Connor,simonroberts@gmail.com,183,5,24.46,Accusamus accusamus delectus inventore voluptatibus quas laboriosam ullam.,"Studio 9
Ward hollow",Port Yvonneborough,Cumbria,Bahamas
Dr. Bethany Brown,Vincent Lee,byrnesarah@hotmail.com,177,4,30.97,Quia excepturi ut molestiae expedita.,"Flat 29t
Perkins squares",Hughshire,Shetland Islands,Japan
Andrea Long,Wendy Talbot,oarmstrong@whittaker.co.uk,195,3,78.29,Ipsam voluptate consectetur.,"Studio 00
Kelly street",Maureenmouth,Hampshire,Ethiopia
Megan Webb,Lisa Clarke,acooper@hotmail.co.uk,148,5,83.05,Laboriosam veniam perspiciatis quidem tenetur accusantium modi.,"Flat 66B
Shaw spur",Port Megan,Lincolnshire,Heard Island and McDonald Islands
Ms. Diane Metcalfe,Mr. Scott Jones,irobinson@yahoo.co.uk,113,3,78.43,Similique ratione consectetur exercitationem rem quidem.,09 Stanley drives,Coatesshire,South Ayrshire,Togo
Ronald Tomlinson-Stephens,Mr. Oliver Martin,kellyiain@anderson.com,120,6,97.03,Sint ea aperiam.,"Studio 94
Lawrence locks",Port Lewis,Kent,Kenya
Dr. John Osborne,Ms. Carly Lambert,lisa59@howarth.com,186,3,24.5,Eligendi modi ducimus.,010 Samantha point,Nashport,Renfrewshire,Fiji
Amber Morris,Tony Hunt,marshmelanie@wright.com,106,3,35.71,Quaerat dicta expedita architecto maiores architecto corrupti illo.,"Studio 1
Smith ville",East Natashamouth,East Renfrewshire,United States Virgin Islands
Dr. Graeme Gray,Derek Summers,jeffreyhenderson@outlook.com,106,8,73.62,Minima magni dicta ab minima magni.,26 Pearson roads,Marshallport,South Lanarkshire,Afghanistan
Julie Lane,Mr. Trevor Matthews,cball@hotmail.com,116,1,67.85,Ipsum accusantium sapiente distinctio.,299 Mills view,Stewartborough,Suffolk,Ethiopia
Mr. Charles Hill,Dr. Justin Russell,dylan27@hodgson.com,111,8,8.78,Praesentium tempora fugiat cupiditate cupiditate nisi.,"Flat 7
Rebecca ports",Port Rachelport,South Ayrshire,Ethiopia
Mrs. Tracy Bird,Dr. William Hawkins,melissa73@gmail.com,150,6,82.85,Officiis hic quasi doloremque.,64 Gemma valleys,Georgeport,Pembrokeshire,Jamaica
Rebecca Andrews,Harry Sanders,mohammed36@harper.com,161,5,93.25,Ex nostrum numquam quisquam assumenda vel architecto.,"Flat 5
Pearson cliff",Port Mathew,Glasgow City,Faroe Islands
Iain Mitchell,Brenda Oliver,hancockgarry@yahoo.com,101,3,96.86,Atque repellendus sequi eius tempora eum accusamus.,94 Suzanne square,West Eleanor,Shropshire,Mexico
Kirsty Hayes-Roberts,Joseph Patel,frank91@noble-miller.net,109,1,56.69,Adipisci similique libero architecto modi maiores cum.,66 Justin village,Brayburgh,Inverclyde,Macao
Karen Gould,Dr. Declan Butler,nolaneileen@hotmail.co.uk,180,7,94.26,Ratione autem dignissimos ducimus nostrum quibusdam quaerat.,"Studio 17j
Paula view",Foxton,Flintshire,Mauritius
Helen Bell,Lauren Taylor,tgill@yahoo.com,116,2,31.98,Molestiae repellendus aliquid et veniam.,311 Bradley coves,East Bethanport,East Renfrewshire,Anguilla
Mr. Mark Griffin,Hannah Young-Smith,hillluke@outlook.com,171,1,46.54,Totam repellendus voluptates natus occaecati.,"Studio 47
Baker circle",Port Carlymouth,West Yorkshire,Tokelau
Molly Ryan,June Ali-Griffin,ann07@gmail.com,101,1,75.52,Animi deleniti similique dolor.,68 Cameron highway,Lake Joel,East Sussex,Palau
Dr. Albert Phillips,Martin Brown,victoria92@gmail.com,145,5,33.83,Exercitationem officia facilis laborum nemo.,544 Lindsey mountain,Kingtown,North Yorkshire,Mayotte
Sean Wright,Marilyn Lewis,martinlauren@hotmail.co.uk,106,7,70.64,Aliquam accusamus doloribus soluta perferendis occaecati consectetur dicta.,9 Howard orchard,Littlefurt,Orkney Islands,French Polynesia
Stewart Campbell,Abigail Arnold-Taylor,edwardsryan@gmail.com,155,7,70.44,Unde iste eum amet autem iste.,"Flat 55
Nicholson freeway",Tylerberg,Shropshire,Chile
Miss Denise Lowe,Matthew Young,shawjenna@obrien.com,133,8,24.64,Officia delectus fugiat beatae iusto officiis.,"Studio 5
Simpson hill",South Yvonneburgh,Somerset,Papua New Guinea
Mr. Terence Vincent,Miss Kirsty Robinson,alice17@ahmed-owen.com,146,8,39.7,Amet libero neque harum sequi fugiat autem.,"Flat 4
Ahmed keys",Nathanstad,Northamptonshire,Austria
Suzanne Boyle,Robert Manning,rosstina@hotmail.co.uk,107,2,45.73,Nihil quasi nihil pariatur tempora laudantium.,298 Mark radial,Khanborough,Surrey,Israel
Clifford Patel,Gail Newman-Smith,rhyskay@wilson-marshall.net,183,3,45.68,Autem ipsa natus magnam eum quidem.,"Studio 0
Chan inlet",South Katherinefort,Falkirk,Russian Federation
Guy Coleman,Justin Shaw,hilarythorpe@campbell.com,120,5,98.61,Rerum eos dolores nostrum deserunt facere fugiat nemo.,"Studio 8
Oliver ridges",Pollardside,Somerset,Serbia
Tina Browne,Patrick Holmes,shauncoles@quinn.com,139,1,94.1,Officia corporis perferendis repellat dolorem beatae.,55 Kay trail,Barnesbury,Highland,Luxembourg
Miss Rosemary Martin,Ashley Walton,jemmarees@smith-nelson.com,193,9,93.21,Qui esse quia.,5 Wood parkway,North Dennisstad,West Dunbartonshire,Burkina Faso
Guy Baxter,Lynn Ellis,williamwood@hotmail.co.uk,107,3,94.06,Culpa quia expedita ea quidem minima.,6 Alex union,Shaneland,Derbyshire,Congo
Miss Jane Walker,Harriet Wright,anna02@gmail.com,164,6,75.54,Reiciendis sunt expedita nihil harum.,"Studio 50o
White club",Ashleighview,Leicestershire,Belize
Miss Jenna Woods,Ms. Melanie Thomas,frobson@williams.com,171,6,78.12,Quae mollitia minus voluptatem perferendis.,297 Wong wells,Bennettberg,Cambridgeshire,Italy
Josephine Hawkins-Wilson,Mr. Nigel Robinson,uhill@yahoo.com,120,1,17.87,Fuga nisi delectus nostrum quia culpa esse animi.,30 Holly route,Hortonborough,East Renfrewshire,Serbia
Miss Jodie Sutton,Lisa Ellis,gwilson@hotmail.com,125,2,15.88,Modi pariatur voluptatem ratione officia consequatur quidem.,5 Williams island,Alexandramouth,South Yorkshire,Djibouti
Ruth Akhtar,Andrew Sutton-Moss,sflynn@west.info,110,8,44.99,Placeat in corrupti.,316 Connor shores,Bennettstad,Carmarthenshire,Uzbekistan
Josh Bennett,Rosie Brown,billymarshall@hotmail.com,129,8,21.59,Sit deleniti dolores repellat nemo doloribus accusamus.,28 West springs,Taylorville,North Yorkshire,Slovenia
Dr. Georgina Harris,Natalie Hunt,lmartin@patel.biz,170,5,96.27,Ab et voluptatibus minima ullam.,"Flat 1
Shaun cape",New Oliver,Breconshire,Mozambique
Aimee Wilson,Natalie Davey,qyates@hotmail.com,187,1,63.67,Expedita ratione consectetur qui.,970 Angela harbors,Colemanland,East Sussex,Romania
Mandy Dawson,Sian Owens,laurengreen@rahman.com,199,9,41.47,Quasi accusamus laboriosam nostrum.,3 Evans prairie,Alexhaven,Glamorgan,Malawi
Natasha Green-Reynolds,Mrs. Frances Taylor,rachaelheath@watson.com,121,6,73.39,Doloremque totam doloremque dolores nesciunt aliquam commodi.,"Studio 3
Bryan rue",North Hilaryborough,West Dunbartonshire,Mongolia
Lawrence Hope,Jasmine Stevens,jayne72@scott-thorpe.com,134,4,46.54,Delectus itaque maiores quia magnam.,20 Wayne hills,West Clareside,Angus,Holy See (Vatican City State)
Victor Roberts,Mitchell Pearce,qgriffiths@gibbons.com,171,7,82.34,Vero sequi inventore voluptate aspernatur ratione.,7 Kelly ports,Robertsport,East Renfrewshire,Turks and Caicos Islands
Abigail Watkins,Tina Carr,ewood@scott.info,183,1,85.93,Rerum quibusdam explicabo veritatis architecto enim.,49 Holly extension,Davischester,Somerset,Iraq
Katherine Blackburn,Harry Mitchell,allenmelissa@gmail.com,104,2,31.25,Minima illum consequuntur alias.,"Flat 30T
Trevor passage",Collinsside,Aberdeen City,United States Virgin Islands
Dominic Allan,Connor O'Neill,leigh49@hotmail.com,190,9,64.13,Quisquam fuga repudiandae quia illum totam ut.,050 Henry locks,East Tom,Oxfordshire,Jamaica
Ricky Henry,Damian O'Connor-Duncan,stevensonmitchell@yahoo.co.uk,106,2,62.87,Dolore nisi rem placeat soluta officiis explicabo.,"Studio 76l
Clark corner",West Kennethport,Warwickshire,Falkland Islands (Malvinas)
Howard Jones,Mr. James Barnes,gary87@allen.com,176,2,41.0,Magnam quam recusandae laborum.,"Flat 6
Reid valley",Simontown,Leicestershire,Mali
Donna Parker,Katy Singh-Parker,roy92@murphy-perry.com,127,7,79.25,Occaecati sapiente omnis non.,988 Justin grove,Gardnerton,Leicestershire,Somalia
Dale Grant,Benjamin Anderson,alexandra78@white.info,186,3,27.98,Dignissimos hic ut fuga.,"Studio 6
Martin rapid",New Mohamedmouth,Cheshire,Armenia
Stephen Thompson,Ross Smith-McDonald,edwardhall@hotmail.com,124,2,14.15,Reiciendis ducimus qui explicabo pariatur amet.,777 Georgina mountains,South Sharon,South Lanarkshire,Antarctica (the territory South of 60 deg S)
Neil Taylor,Jasmine Harding,harrisonjemma@davies.com,139,5,93.97,Amet laborum architecto dolore quidem modi.,"Flat 85l
Ward pike",Janeport,Denbighshire,Cocos (Keeling) Islands
Dr. Albert Smith,Ms. Vanessa Kelly,bethsykes@outlook.com,110,7,36.97,Quam repudiandae quaerat numquam culpa tempore quasi.,0 Reid freeway,North Mitchellshire,Orkney Islands,Albania
Bernard Newman-Peacock,Mohammed Jackson-Gill,omcdonald@hodgson.com,145,8,21.62,Aspernatur officiis at laboriosam eum illum.,950 Cameron plains,Wilsonton,Cumbria,Congo
Dr. Grace Forster,Jennifer Edwards-Robinson,middletoncharlie@yahoo.co.uk,154,4,91.72,Dignissimos ratione modi eaque quisquam recusandae vero.,"Flat 87y
Jean glen",New Bruce,Durham,Western Sahara
Owen Reid,Aimee Bond,cellis@riley.com,107,2,17.74,Reiciendis quibusdam dolorem sed aperiam mollitia ad.,"Studio 7
Edward summit",Fisherchester,East Ayrshire,Northern Mariana Islands
Chloe Carter-Parsons,Molly Lee-Smith,craig42@yahoo.co.uk,152,4,84.39,Sed officiis quo aliquam tenetur recusandae deleniti.,"Flat 72
Keith drive",North Judithhaven,West Midlands,Jordan
Dorothy Jones,Joseph Morris-Cook,clivehill@carroll-osullivan.com,195,1,90.08,Dolorum eveniet sed consequatur nisi occaecati ea quos.,"Studio 65w
Kieran gateway",Hilaryshire,East Lothian,Senegal
Martin Houghton,Miss Yvonne Holloway,jessicaallan@yahoo.co.uk,115,5,74.44,Molestias occaecati iste rem quo.,"Flat 83
Leon garden",Lake Leslie,East Renfrewshire,United States of America
Annette Davies,Damien Kelly,kmarshall@oneill.biz,183,5,45.92,Fuga voluptas modi eos possimus.,05 Dennis pines,Juliafurt,Antrim,Liberia
Ms. Carol Reid,Sandra Hutchinson,nichollscarolyn@hotmail.com,119,1,80.88,Repudiandae fuga tenetur corrupti neque harum.,"Studio 82s
Miles vista",New Alexandra,Cleveland,Nauru
Carl Hobbs,Timothy Martin,hayley53@hotmail.co.uk,182,4,53.79,Temporibus voluptates nihil quas.,754 Karl bridge,Lake Teresa,Dumfries and Galloway,Congo
Beverley Whittaker,Dr. Lewis Spencer,jkennedy@hotmail.co.uk,159,2,33.58,Ex est ad et.,00 Geoffrey forks,Kayleighport,Fermanagh,Macao
Mrs. Kim Brookes,Deborah King,joannadavies@hotmail.co.uk,175,1,85.61,Perspiciatis ipsum nulla omnis cumque.,335 Elliot turnpike,Port Anne,South Yorkshire,Zimbabwe
Dr. Iain John,Katherine Clarke,gemmasingh@yahoo.co.uk,160,1,77.81,Nihil voluptatem deserunt voluptates quidem.,"Studio 21
Smith cape",West Leonfurt,West Midlands,Heard Island and McDonald Islands
Rhys Jordan,Frances Moore-Tyler,ncarey@reed-richardson.biz,191,7,25.25,Consequatur animi cumque quisquam voluptate fugit.,"Studio 6
Sylvia brook",Mollyport,Derbyshire,Cambodia
Stephanie Reynolds-Middleton,Dr. Frederick Barry,mmason@bell-baker.com,115,7,80.74,Magni vero iusto a minima eaque.,"Flat 89
Middleton road",Reynoldsmouth,South Yorkshire,Tonga
Dr. Jason White,Laura Giles-Price,clarebaker@green.com,159,9,8.19,Eos tempora qui sapiente.,"Studio 3
Susan neck",South Edwardfurt,West Dunbartonshire,Saint Barthelemy
Mr. Abdul Roberts,Pauline Fowler,longbrenda@harper-bates.info,101,8,84.2,Illum non beatae modi iste.,709 Wendy avenue,North Jordan,Merionethshire,Canada
Mr. Aaron Dunn,Dale George,csingh@yahoo.com,172,4,90.2,Suscipit minima neque laboriosam.,76 Leslie run,New Ryan,Warwickshire,Cyprus
Bryan Hayes,Stacey Ward,roy70@hotmail.com,173,1,64.9,Et natus voluptate quibusdam ad occaecati voluptatum.,0 Russell terrace,Andrewsside,Hertfordshire,United Kingdom
Megan Clarke,Marilyn Wood,lesley67@hotmail.co.uk,112,4,12.27,Unde reprehenderit laborum ex nam fugiat.,145 Pugh gateway,Russellville,West Berkshire,Nigeria
Elizabeth Brown,Katy Edwards,higginspatricia@outlook.com,173,3,63.74,Optio temporibus ratione explicabo rerum nulla saepe.,19 Jamie crescent,Lake Maureen,Cheshire,Niue
Kerry Marshall,Barry Jones,arthur61@richards-carr.com,163,1,11.13,Dignissimos facere cupiditate libero fuga.,8 Kevin coves,Nicolamouth,Merseyside,Singapore
Jay North,Dr. Lewis Lynch,murraytony@thomas.com,135,7,67.73,Occaecati cupiditate omnis eligendi cupiditate eos.,55 Sean route,Wrightstad,Cambridgeshire,Sudan
Mr. Trevor Mason,Claire Gilbert,tony78@hotmail.com,170,3,50.82,Autem nam vel aspernatur nobis.,79 Bethany prairie,Leonardshire,Monmouthshire,Tonga
Georgina Gardiner,Dr. Bethany Walters,hgrant@smith.com,142,4,60.45,Occaecati hic cum dolorum necessitatibus.,3 Owen loop,Port Vanessa,Eilean Siar,Kiribati
Gary Cox,Gavin Robinson,victoria62@turner-walker.co.uk,103,5,76.86,Voluptates at esse laboriosam aspernatur velit dolores.,546 Powell inlet,Gordonport,Tyne and Wear,United Kingdom
Dr. Hilary Evans,Miss June Kelly,akent@ellis-johnson.com,173,8,54.03,Sit commodi perferendis autem tempora veniam assumenda.,"Flat 29e
Anne turnpike",Geraldinehaven,Glasgow City,Estonia
Hayley Jackson-Lawson,Anne Smith,susan13@hodgson.net,186,6,28.1,Deserunt recusandae nostrum maxime.,38 Emma locks,Leemouth,Glasgow City,Palau
Mandy Barlow,Lorraine Jones,claire51@douglas.info,190,2,18.83,Recusandae totam architecto sequi veniam ipsam animi.,"Flat 33Y
Kaur lodge",Nicolaberg,Flintshire,Greenland
Naomi Jones,Miss Natalie Conway,knightkerry@patterson.info,141,7,31.75,Pariatur quae delectus minus tenetur.,32 Brandon valleys,Whiteburgh,Cumbria,Poland
Christopher Clements,Dorothy Thomas,amandalaw@gallagher-harris.org,119,6,20.83,Culpa culpa dolores sunt odio esse cum.,"Flat 00M
Danny extensions",New Susanbury,Leicestershire,Oman
Judith Patel,Albert Dobson,gemmafarmer@preston-metcalfe.com,111,3,65.6,Doloremque libero nam eligendi.,414 Mohammad brook,Joneston,East Sussex,Australia
Keith Oliver,Mrs. Lesley West,suttonlindsey@wright.net,101,8,8.07,Atque consequuntur vitae assumenda rerum laboriosam iusto.,680 Stephenson fall,New Deborahshire,Essex,Palestinian Territory
Nicholas Hall,Jane Porter,dean22@barker.info,159,2,26.21,Suscipit itaque voluptas cupiditate repellendus.,54 Edwards greens,South Michael,Wiltshire,Burundi
Victor Wilson-O'Sullivan,Lydia Hutchinson,moorerobert@cooper-booth.com,125,9,73.78,Odio ipsam adipisci perferendis doloribus ratione.,875 Bruce mountain,West Rebecca,South Lanarkshire,Equatorial Guinea
Tracy Roberts-Glover,Michael Moran,droberts@hotmail.co.uk,115,6,48.38,Aliquam autem consequatur harum soluta.,3 Harriet lodge,South Callum,Monmouthshire,Iraq
Dr. Kevin Wilson,Dr. Jayne Cameron,hutchinsoncaroline@coleman.com,168,3,8.64,Nihil itaque sed nihil repellat sed soluta ducimus.,896 Burke plains,East Mollystad,Cardiganshire,Kiribati
David Long,Ms. Jane Williamson,abigailsmith@yahoo.com,126,3,47.8,Ea delectus esse.,06 Sharon path,South Jakeview,South Yorkshire,Bermuda
Cheryl Davis,Peter Wright,diane06@payne.info,154,3,33.52,Sint saepe aliquid quaerat itaque.,"Flat 9
Jones mountain",Thomsonton,Fermanagh,United States Virgin Islands
Jayne Butcher,Guy Knight,fosterpatricia@hotmail.com,144,6,66.94,Sequi explicabo tempora illum sequi doloremque.,"Studio 75
Liam fall",Hortonton,Worcestershire,Germany
Sarah Smith,Raymond Simpson-Burke,guy40@white-bruce.co.uk,185,3,10.28,Enim facere ullam beatae.,34 Danielle row,West Dominic,Pembrokeshire,Zimbabwe
